exterior-painting-cost-massachusetts/index.html	\$800(–|&ndash;|-)\$1,800	1
house-painters-clinton-ma/index.html	\$800 to \$1,800	2
house-painters-clinton-ma/index.html	\$800(–|&ndash;|-)\$1,800	1
house-painters-worcester-ma/index.html	\$800 to \$1,800	2
house-painters-worcester-ma/index.html	\$800(–|&ndash;|-)\$1,800	1
index.html	\$800 to \$1,800	1
index.html	from \$800 per room	2
interior-painting/index.html	\$800 to \$1,800	3
interior-painting/index.html	\$800(–|&ndash;|-)\$1,800	1
interior-painting/index.html	Room repaints from \$800	1
interior-painting-cost-massachusetts/index.html	\$800 to \$1,800	2
interior-painting-cost-massachusetts/index.html	\$800(–|&ndash;|-)\$1,800	1
llms.txt	\$800(–|&ndash;|-)\$1,800	1
mcb-astro/src/pages/index.astro	\$800 to \$1,800	1
mcb-astro/src/pages/index.astro	from \$800 per room	1
interior-painting/index.html	full-floor $2,500–$5,500 -> priced per room	3
exterior-painting-cost-massachusetts/index.html	$6,000–$14,000	1
house-painters-clinton-ma/index.html	$6,000 to $14,000	2
house-painters-clinton-ma/index.html	$6,000–$14,000	1
house-painters-worcester-ma/index.html	A whole-interior repaint of an average Worcester single-fami	2
house-painters-worcester-ma/index.html	$6,000–$14,000	1
index.html	a whole-interior repaint on an average home lands around $6,	1
interior-painting/index.html	A whole-interior repaint on a 1,500 to 2,500 sq ft home in L	2
interior-painting/index.html	$6,000 to $14,000	1
interior-painting/index.html	$6,000–$14,000	1
interior-painting-cost-massachusetts/index.html	A whole-interior repaint of an average single-family home ru	2
interior-painting-cost-massachusetts/index.html	$6,000–$14,000	1
llms.txt	$6,000–$14,000	1
mcb-astro/src/pages/index.astro	a whole-interior repaint on an average home lands around $6,	1
